Workbook

Sheet OCTUBRE
B3: SCORDINA 10/25
B4: FECHA | C4: PROVEEDOR | D4: BULTOS | E4: VALOR DECLARADO | F4: FLETE | G4: SEGURO
B5: 46296 | C5: COMIMPAR | D5: 3 | E5: 1076944 | F5: 9724 | G5: =+E5*0.007 -> 7538.608
B6: 46296 | C6: NATALI CRISTIAN | D6: 1 | E6: 500000 | F6: 6686 | G6: =+E6*0.007 -> 3500
B7: 46296 | C7: CANNON | D7: 27 | E7: 11636079 | F7: 90390.6 | G7: =+E7*0.007 -> 81452.553
B8: 46296 | C8: LEF | D8: 8 | E8: 534198 | F8: 9724 | G8: =+E8*0.007 -> 3739.386
B9: 46301 | C9: FRAGANCE | D9: 15 | E9: 6145492 | F9: 24250 | G9: =+E9*0.007 -> 43018.444
B10: 46303 | C10: TULY MIGUEZ | D10: 4 | E10: 120000 | F10: 16372 | G10: =+E10*0.007 -> 840
B11: 46303 | C11: COMIMPAR | D11: 4 | E11: 9600000 | F11: 8934 | G11: =+E11*0.007 -> 67200
B12: 46304 | C12: CHIARU | D12: 7 | E12: 1000000 | F12: 15316 | G12: =+E12*0.007 -> 7000
B13: 46304 | C13: LEF | D13: 54 | E13: 1915538 | F13: 51339 | G13: =+E13*0.007 -> 13408.766
B14: 46308 | C14: URBAN FRESH | D14: 16 | E14: 495432 | F14: 14040 | G14: =+E14*0.007 -> 3468.024
B15: 46308 | C15: CHIARU | D15: 5 | E15: 1000000 | F15: 10211 | G15: =+E15*0.007 -> 7000
B16: 46308 | C16: FRAGANCE | D16: 14 | E16: 4101446 | F16: 19145 | G16: =+E16*0.007 -> 28710.122
... B21: 46312 | C21: PURA | D21: 2 | E21: 906262 | F21: 7658 | G21: =+E21*0.007 -> 6343.834
B22: 46315 | C22: FRAGANCE | D22: 1 PALLET | E22: 6860095 | F22: 31358.01 | G22: =+E22*0.007 -> 48020.665
B23: 46315 | C23: GESCOM | D23: 5 | E23: 544421 | F23: 11487 | G23: =+E23*0.007 -> 3810.947
B24: 46316 | C24: COMIMPAR | D24: 3 | E24: 1069921 | F24: 10211 | G24: =+E24*0.007 -> 7489.447
B25: 46316 | C25: CANNON | D25: 19 | E25: 7642565 | F25: 89915.4 | G25: =+E25*0.007 -> 53497.955
B26: 46318 | C26: CANNON | D26: 27 | E26: 11541373 | F26: 104901.3 | G26: =+E26*0.007 -> 80789.611
B27: 46319 | C27: FRAGANCE | D27: 2 | E27: 950826 | F27: 8934 | G27: =+E27*0.007 -> 6655.782
B28: 46319 | C28: TULY MIGUEZ | D28: 2 | E28: 85000 | F28: 8934 | G28: =+E28*0.007 -> 595
B29: 46319 | C29: CHIARU | D29: 3 | E29: 1000000 | F29: 11487 | G29: =+E29*0.007 -> 7000
B30: 46322 | C30: BLACK SCENTS | D30: 5 | E30: 1080720 | F30: 12763 | G30: =+E30*0.007 -> 7565.04
B31: 46322 | C31: FRAGANCE | D31: 1 PALLET | E31: 11522460 | F31: 59943.6 | G31: =+E31*0.007 -> 80657.22
B32: 46322 | C32: DIFFUPAR | D32: 7 | E32: 7547690 | F32: 17869 | G32: =+E32*0.007 -> 52833.83
B33: 46326 | C33: LEF | D33: 40 | E33: 1358783 | F33: 79924.8 | G33: =+E33*0.007 -> 9511.481
E34: =SUM(E5:E33) -> 98239875 | F34: =SUM(F5:F33) -> 776827.71 | G34: =SUM(G5:G33) -> 687679.12

Sheet NOVIEMBRE
B3: SCORDINA 11/25
B4: FECHA | C4: PROVEEDOR | D4: BULTOS | E4: VALOR DECLARADO | F4: FLETE | G4: SEGURO
B5: 46329 | C5: MUYLINDA | D5: 1 | E5: 350000 | F5: 7658 | G5: =+E5*0.007 -> 2450
B6: 46329 | C6: FRAGANCE | D6: 6 | E6: 2210427 | F6: 10211 | G6: =+E6*0.007 -> 15472.989
B7: 46329 | C7: COMIMPAR | D7: 9 | E7: 1104322 | F7: 11487 | G7: =+E7*0.007 -> 7730.254
B8: 46333 | C8: CANNON | D8: 24 | E8: 9752959 | F8: 104901.3 | G8: =+E8*0.007 -> 68270.713
B9: 46336 | C9: FRAGANCE | D9: 6 | E9: 23202728 | F9: 94910.7 | G9: =+E9*0.007 -> 162419.1
B10: 46337 | C10: FRAGANCE | D10: 1 PALLET | E10: 3388810 | F10: 49953 | G10: =+E10*0.007 -> 23721.67
B11: 46337 | C11: TULY | D11: 1 | E11: 85000 | F11: 7658 | G11: =+E11*0.007 -> 595
B12: 46338 | C12: SAINT JULIEN | D12: 14 | E12: 2757410 | F12: 24250 | G12: =+E12*0.007 -> 19301.87
B13: 46338 | C13: PURA | D13: 2 | E13: 844769 | F13: 8934 | G13: =+E13*0.007 -> 5913.383
B14: 46338 | C14: CHIARU | D14: 8 | E14: 1500000 | F14: 16592 | G14: =+E14*0.007 -> 10500
B15: 46338 | C15: FRAGANCE | D15: 1 PALLET | E15: 18954913 | F15: 49953 | G15: =+E15*0.007 -> 132684.39
B16: 46339 | C16: FRAGANCE | D16: 9 | E16: 3299582 | F16: 14040 | G16: =+E16*0.007 -> 23097.074
B17: 46339 | C17: LEF | D17: 127 | E17: 8945702 | F17: 274741.5 | G17: =+E17*0.007 -> 62619.914
B18: 46340 | C18: BOBBIO | D18: 3 | E18: 572320 | F18: 15316 | G18: =+E18*0.007 -> 4006.24
B19: 46343 | C19: CANNON | D19: 16 | E19: 2757983 | F19: 19145 | G19: =+E19*0.007 -> 19305.881
B20: 46343 | C20: GESCOM | D20: 6 | E20: 622335 | F20: 14040.01 | G20: =+E20*0.007 -> 4356.345
B21: 46344 | C21: SEBIGUS | D21: 10 | E21: 436128 | F21: 89915.4 | G21: =+E21*0.007 -> 3052.896
B22: 46345 | C22: TULY | D22: 1 | E22: 25000 | F22: 7658 | G22: =+E22*0.007 -> 175
B23: 46346 | C23: SZTERN | D23: 45 | E23: 204807.3 | F23: 204807.3 | G23: =+E23*0.007 -> 1433.6511
B24: 46351 | C24: SZTERN | D24: 9 | E24: 421059 | F24: 46344 | G24: =+E24*0.007 -> 2947.413
B25: 46351 | C25: FRAGANCE | D25: 2 PALLETS | E25: 22143297 | F25: 119887.2 | G25: =+E25*0.007 -> 155003.08
B26: 46353 | C26: FRAGANCE | D26: 3 | E26: 248171 | F26: 7658 | G26: =+E26*0.007 -> 1737.197
B27: 46353 | C27: MERCURIO | D27: 1 | E27: 20000 | F27: 7020 | G27: =+E27*0.007 -> 140
B28: 46354 | C28: GESCOM | D28: 5 | E28: 593831 | F28: 11487 | G28: =+E28*0.007 -> 4156.817
B29: 46354 | C29: CANNON | D29: 34 | E29: 14736344 | F29: 169840.2 | G29: =+E29*0.007 -> 103154.41
E30: =SUM(E5:E29) -> 1.191779e+08 | F30: =SUM(F5:F29) -> 1388407.6 | G30: =SUM(G5:G29) -> 834245.28

Sheet DICIEMBRE
B3: SCORDINA 12/25
B4: FECHA | C4: PROVEEDOR | D4: BULTOS | E4: VALOR DECLARADO | F4: FLETE | G4: SEGURO
B5: 46357 | C5: FRAGANCE | D5: 1 | E5: 304586 | F5: 7020 | G5: =+E5*0.007 -> 2132.102
B6: 46358 | C6: TULY | D6: 6 | E6: 155000 | F6: 16592 | G6: =+E6*0.007 -> 1085
B7: 46359 | C7: LEF | D7: 45 | E7: 1585607 | F7: 36353 | G7: =+E7*0.007 -> 11099.249
B8: 46360 | C8: FRAGANCE | D8: 6 BULTOS (1 PALLET/5 CAJAS) | E8: 12050110 | F8: 64938.9 | G8: =+E8*0.007 -> 84350.77
B9: 46361 | C9: CHIARU | D9: 7 | E9: 1500000 | F9: 16592 | G9: =+E9*0.007 -> 10500
B10: 46365 | C10: LEF | D10: 18 | E10: 1526280 | F10: 31358 | G10: =+E10*0.007 -> 10683.96
B11: 46367 | C11: SAINT JULIEN | D11: 17 | E11: 1990029 | F11: 46344 | G11: =+E11*0.007 -> 13930.203
B12: 46367 | C12: FRAGANCE | D12: 16 | E12: 3875619 | F12: 17869 | G12: =+E12*0.007 -> 27129.333
B13: 46367 | C13: CANNON | D13: 23 | E13: 9651723 | F13: 51053 | G13: =+E13*0.007 -> 67562.061
B14: 46367 | C14: SZTERN | D14: 12 | E14: 176980 | F14: 64938.9 | G14: =+E14*0.007 -> 1238.86
B15: 46367 | C15: TULY | D15: 4 | E15: 180000 | F15: 14040 | G15: =+E15*0.007 -> 1260
B16: 46064 | C16: COMIMPAR | D16: 4 | E16: 1070284 | F16: 10211 | G16: =+E16*0.007 -> 7491.988
B17: 46368 | C17: FRAGANCE | D17: 11 | E17: 4418012 | F17: 17869 | G17: =+E17*0.007 -> 30926.084
B18: 46368 | C18: TULY | D18: 5 | E18: 195000 | F18: 16592 | G18: =+E18*0.007 -> 1365
B19: 46371 | C19: DIFFUPAR | D19: 18 | E19: 15693708 | F19: 49125 | G19: =+E19*0.007 -> 109855.96
B20: 46371 | C20: TULY | D20: 2 | E20: 85000 | F20: 9470 | G20: =+E20*0.007 -> 595
B21: 46371 | C21: FRAGANCE | D21: 1 PALLET | E21: 4321694 | F21: 52950 | G21: =+E21*0.007 -> 30251.858
B22: 46068 | C22: MERCURIO | D22: 1 | E22: 1650000 | F22: 9470 | G22: =+E22*0.007 -> 11550
B23: 46373 | C23: DIFFUPAR | D23: 6 | E23: 5776041 | F23: 14882 | G23: =+E23*0.007 -> 40432.287
B24: 46375 | C24: DIFFUPAR | D24: 3 | E24: 1783458 | F24: 14882 | G24: =+E24*0.007 -> 12484.206
B25: 46378 | C25: TULY | D25: 1 | E25: 120000 | F25: 9470 | G25: =+E25*0.007 -> 840
B26: 46378 | C26: CANNON | D26: 28 | E26: 10997861 | F26: 74410 | G26: =+E26*0.007 -> 76985.027
B27: 46379 | C27: CANNON | D27: 17 | E27: 6836311 | F27: 40587 | G27: =+E27*0.007 -> 47854.177
B28: 46386 | C28: SEBIGUS | D28: 3 | E28: 122655 | F28: 27945 | G28: =+E28*0.007 -> 858.585
E29: =SUM(E5:E28) -> 86065958 | F29: =SUM(F5:F28) -> 714961.8 | G29: =SUM(G5:G28) -> 602461.71

Sheet ENERO
B3: SCORDINA 01/26
B4: FECHA | C4: PROVEEDOR | D4: BULTOS | E4: VALOR DECLARADO | F4: FLETE | G4: SEGURO
B5: 46029 | C5: GESCOM | D5: 3 | E5: 337302 | F5: 9470 | G5: =+E5*0.007 -> 2361.114
B6: 46030 | C6: PURA | D6: 1 | E6: 560450 | F6: 8117 | G6: =+E6*0.007 -> 3923.15
B7: 46031 | C7: MUYLINDA | D7: 1 | E7: 200000 | F7: 8117 | G7: =+E7*0.007 -> 1400
B8: 46031 | C8: URBAN FRESH | D8: 6 | E8: 351949 | F8: 22650 | G8: =+E8*0.007 -> 2463.643
B9: 46037 | C9: FRAGANCE | D9: 2 | E9: 558140 | F9: 8117 | G9: =+E9*0.007 -> 3906.98
B10: 46038 | C10: CHIARU | D10: 5 | E10: 1500000 | F10: 33240 | G10: =+E10*0.007 -> 10500
B11: 46043 | C11: TULY | D11: 2 | E11: 110000 | F11: 10823 | G11: =+E11*0.007 -> 770
B12: 46044 | C12: FRAGANCE | D12: 5 | E12: 177928 | F12: 12176 | G12: =+E12*0.007 -> 1245.496
B13: 46044 | C13: CANNON | D13: 30 | E13: 14048340 | F13: 116490 | G13: =+E13*0.007 -> 98338.38
B14: 46045 | C14: CANNON | D14: 36 | E14: 4229069 | F14: 153555 | G14: =+E14*0.007 -> 29603.483
B15: 46045 | C15: FRAGANCE | D15: 2 | E15: 1095867 | F15: 8117 | G15: =+E15*0.007 -> 7671.069
B16: 46048 | C16: LEF | D16: 87 | E16: 2736536 | F16: 68413.41 | G16: =+E16*0.007 -> 19155.752
... B24: 46050 | C24: COMIMPAR | D24: 2 | E24: 814481 | F24: 8117 | G24: =+E24*0.007 -> 5701.367
E25: =SUM(E5:E24) -> 48093177 | F25: =SUM(F5:F24) -> 724758.41 | G25: =SUM(G5:G24) -> 336652.24

Sheet FEBRERO
B3: SCORDINA 02/26
B4: FECHA | C4: PROVEEDOR | D4: BULTOS | E4: VALOR DECLARADO | F4: FLETE | G4: SEGURO
B5: 46055 | C5: CANNON | D5: 24 | E5: 2819379 | F5: 84720 | G5: =+E5*0.007 -> 19735.653
B6: 46055 | C6: FRAGANCE | D6: 1 PALLET | E6: 5057010 | F6: 52950 | G6: =+E6*0.007 -> 35399.07
B7: 46056 | C7: FRAGANCE | D7: 1 PALLET | E7: 15097976 | F7: 49125 | G7: =+E7*0.007 -> 105685.83
B8: 46059 | C8: CANNON | D8: 55 | E8: 16146823 | F8: 107557 | G8: =+E8*0.007 -> 113027.76
B9: 46059 | C9: SZTERN | D9: 7 | E9: 160066 | F9: 14341 | G9: =+E9*0.007 -> 1120.462
B10: 46062 | C10: PURA | D10: 1 | E10: 732984 | F10: 7887 | G10: =+E10*0.007 -> 5130.888
B11: 46062 | C11: FRAGANCE | D11: 1 | E11: 430611 | F11: 7887 | G11: =+E11*0.007 -> 3014.277
B12: 46063 | C12: FRAGANCE | D12: 4 | E12: 10000 | F12: 12907 | G12: =+E12*0.007 -> 70
B13: 46064 | C13: CANNON | D13: 21 | E13: 3703959 | F13: 30116 | G13: =+E13*0.007 -> 25927.713
B14: 46065 | C14: FRAGANCE | D14: 19 | E14: 14092660 | F14: 24380 | G14: =+E14*0.007 -> 98648.62
B15: 46065 | C15: BLACK SCENTS | D15: 5 | E15: 729960 | F15: 11473 | G15: =+E15*0.007 -> 5109.72
B16: 46066 | C16: FRAGANCE | D16: 12 | E16: 3924819 | F16: 24009 | G16: =+E16*0.007 -> 27473.733
B17: 46071 | C17: FRAGANCE | D17: 1 PALLET | E17: 9845243 | F17: 56127 | G17: =+E17*0.007 -> 68916.701
B18: 46073 | C18: CANNON | D18: 35 | E18: 11833985 | F18: 129092 | G18: =+E18*0.007 -> 82837.895
B19: 46073 | C19: SAINT JULIEN | D19: 9 | E19: 1390153 | F19: 21511 | G19: =+E19*0.007 -> 9731.071
B20: 46073 | C20: GESCOM | D20: 4 | E20: 440861 | F20: 12907 | G20: =+E20*0.007 -> 3086.027
B21: 46073 | C21: CHIARU | D21: 12 | E21: 1200000 | F21: 21511 | G21: =+E21*0.007 -> 8400
B22: 46076 | C22: DIFFUPAR | D22: 1 | E22: 883537 | F22: 8605 | G22: =+E22*0.007 -> 6184.759
B23: 46077 | C23: COMIMPAR | D23: 1 | E23: 620051 | F23: 10039 | G23: =+E23*0.007 -> 4340.357
B24: 46079 | C24: FRAGANCE | D24: 9 BULTOS (PALLET/8 BULTOS) | E24: 22379918 | F24: 89803.2 | G24: =+E24*0.007 -> 156659.43
E25: =SUM(E5:E24) -> 111499995 | F25: =SUM(F5:F24) -> 776947.2 | G25: =SUM(G5:G24) -> 780499.96

Sheet MARZO

Sheet TOTALES
C5: PERIODO | D5: FLETE | E5: SEGURO | F5: VALOR DECLARADO
C6: 45931 | D6: =+OCTUBRE!F34 -> 776827.71 | E6: =+OCTUBRE!G34 -> 687679.12 | F6: =+OCTUBRE!E34 -> 98239875
C7: 45962 | D7: =+NOVIEMBRE!F30 -> 1388407.6 | E7: =+NOVIEMBRE!G30 -> 834245.28 | F7: =+NOVIEMBRE!E30 -> 1.191779e+08
C8: 45992 | D8: =+DICIEMBRE!F29 -> 714961.8 | E8: =+DICIEMBRE!G29 -> 602461.71 | F8: =+DICIEMBRE!E29 -> 86065958
C9: 46023 | D9: =+ENERO!F25 -> 724758.41 | E9: =+ENERO!G25 -> 336652.24 | F9: =+ENERO!E25 -> 48093177
C10: 46054 | D10: =+FEBRERO!F25 -> 776947.2 | E10: =+FEBRERO!G25 -> 780499.96 | F10: =+FEBRERO!E25 -> 111499995
C13: TOTALES | D13: =SUM(D6:D10) -> 4381902.7 | E13: =SUM(E6:E10) -> 3241538.3 | F13: =SUM(F6:F10) -> 4.630769e+08 | H13: =+F13/5*12 -> 1.1113846e+09
F14: =+E13/F13 -> 0.007
D15: =+D13+E13 -> 7623441
D16: =+E13/D15 -> 0.42520671
F17: =+E13/5*12 -> 7779692
